Filename,Touches,Authors and Dates
app/build.gradle.kts,6,"[[""Niall Scott"", ""2024-10-04T07:42:57Z""], [""Scott Alexander-Bown"", ""2024-09-18T10:02:36Z""], [""Scott Alexander-Bown"", ""2024-09-12T10:16:21Z""], [""Artsem Kurantsou"", ""2024-08-17T14:34:47Z""], [""Artsem Kurantsou"", ""2024-08-05T18:31:03Z""], [""Artsem Kurantsou"", ""2024-08-04T21:18:36Z""]]"
app/proguard-rules.pro,4,"[[""Niall Scott"", ""2024-10-04T07:42:57Z""], [""Matthew Rollings"", ""2017-05-12T21:31:11Z""], [""Frieder Bluemle"", ""2017-05-11T16:41:00Z""], [""Scott Alexander-Bown"", ""2015-06-19T09:05:10Z""]]"
build.gradle.kts,3,"[[""Niall Scott"", ""2024-10-04T07:42:57Z""], [""Artsem Kurantsou"", ""2024-08-17T14:34:47Z""], [""Artsem Kurantsou"", ""2024-08-04T21:18:36Z""]]"
gradle.properties,17,"[[""Niall Scott"", ""2024-10-04T07:42:57Z""], [""Scott Alexander-Bown"", ""2024-09-18T10:02:36Z""], [""Scott Alexander-Bown"", ""2024-09-12T10:16:21Z""], [""Scott Alexander-Bown"", ""2021-05-21T14:40:38Z""], [""Scott Alexander-Bown"", ""2021-05-04T06:47:42Z""], [""Matthew Rollings"", ""2020-02-08T20:34:17Z""], [""Matthew Rollings"", ""2020-02-03T20:42:40Z""], [""Daniel Kutik"", ""2019-11-16T02:34:24Z""], [""Scott Alexander-Bown"", ""2018-06-14T16:02:26Z""], [""Matthew Rollings"", ""2017-05-12T21:31:11Z""], [""Frieder Bluemle"", ""2017-05-11T16:31:26Z""], [""Scott Alexander-Bown"", ""2017-03-29T11:25:16Z""], [""Scott Alexander-Bown"", ""2016-05-18T08:05:58Z""], [""Scott Alexander-Bown"", ""2016-03-14T21:04:13Z""], [""Scott Alexander-Bown"", ""2015-09-16T12:13:36Z""], [""Scott Alexander-Bown"", ""2015-06-30T15:51:16Z""], [""Scott Alexander-Bown"", ""2015-06-19T09:05:10Z""]]"
gradle/libs.versions.toml,4,"[[""Niall Scott"", ""2024-10-04T07:42:57Z""], [""Scott Alexander-Bown"", ""2024-09-12T10:16:21Z""], [""Artsem Kurantsou"", ""2024-08-04T21:38:30Z""], [""Artsem Kurantsou"", ""2024-08-04T21:18:36Z""]]"
gradle/wrapper/gradle-wrapper.properties,17,"[[""Niall Scott"", ""2024-10-04T07:42:57Z""], [""Artsem Kurantsou"", ""2024-08-04T21:38:30Z""], [""Artsem Kurantsou"", ""2024-08-04T19:40:34Z""], [""Scott Alexander-Bown"", ""2021-05-08T14:18:37Z""], [""Daniel Kutik"", ""2020-01-31T00:54:28Z""], [""mat"", ""2020-01-28T12:31:03Z""], [""Daniel Kutik"", ""2019-11-16T02:34:24Z""], [""Matthew Rollings"", ""2018-06-14T15:53:38Z""], [""Matthew Rollings"", ""2018-05-11T12:00:38Z""], [""Matthew Rollings"", ""2018-05-11T12:00:38Z""], [""Matthew Rollings"", ""2017-05-12T21:31:11Z""], [""Frieder Bluemle"", ""2017-05-11T16:31:26Z""], [""Matthew Rollings"", ""2017-03-24T14:49:14Z""], [""Scott Alexander-Bown"", ""2017-03-24T14:15:39Z""], [""matthew"", ""2017-03-13T22:35:27Z""], [""Scott Alexander-Bown"", ""2016-05-17T15:21:28Z""], [""Scott Alexander-Bown"", ""2015-06-19T09:05:10Z""]]"
rootbeerlib/build.gradle.kts,6,"[[""Niall Scott"", ""2024-10-04T07:42:57Z""], [""Scott Alexander-Bown"", ""2024-09-18T10:02:36Z""], [""Scott Alexander-Bown"", ""2024-09-12T10:16:21Z""], [""Artsem Kurantsou"", ""2024-08-05T19:48:03Z""], [""Artsem Kurantsou"", ""2024-08-05T19:38:36Z""], [""Artsem Kurantsou"", ""2024-08-04T21:18:36Z""]]"
rootbeerlib/proguard-rules.pro,4,"[[""Niall Scott"", ""2024-10-04T07:42:57Z""], [""Matthew Rollings"", ""2017-05-12T21:31:11Z""], [""Frieder Bluemle"", ""2017-05-11T16:41:00Z""], [""Scott Alexander-Bown"", ""2015-06-26T15:50:40Z""]]"
settings.gradle.kts,4,"[[""Niall Scott"", ""2024-10-04T07:42:57Z""], [""Scott Alexander-Bown"", ""2024-09-18T10:02:36Z""], [""Artsem Kurantsou"", ""2024-08-05T18:31:03Z""], [""Artsem Kurantsou"", ""2024-08-04T21:18:36Z""]]"
rootbeerlib/gradle.properties,4,"[[""Scott Alexander-Bown"", ""2024-09-18T10:02:36Z""], [""Matthew Rollings"", ""2017-05-12T21:31:11Z""], [""Frieder Bluemle"", ""2017-05-11T16:41:00Z""], [""Scott Alexander-Bown"", ""2015-06-30T15:51:16Z""]]"
README.md,45,"[[""Scott Alexander-Bown"", ""2024-09-12T10:18:34Z""], [""Scott Alexander-Bown"", ""2024-09-12T10:16:21Z""], [""Scott Alexander-Bown"", ""2021-06-07T08:54:51Z""], [""Harsh Mahajan"", ""2021-06-07T08:50:08Z""], [""Scott Alexander-Bown"", ""2021-05-04T07:04:38Z""], [""Prempal Singh"", ""2020-07-27T18:50:09Z""], [""Matthew Rollings"", ""2020-07-21T13:58:39Z""], [""Matthew Rollings"", ""2020-02-07T14:44:11Z""], [""mat"", ""2020-02-04T13:41:34Z""], [""Daniel Kutik"", ""2020-01-31T00:54:28Z""], [""Matthew Rollings"", ""2020-01-30T13:05:20Z""], [""mat"", ""2020-01-28T13:12:19Z""], [""mat"", ""2020-01-28T13:03:18Z""], [""mat"", ""2020-01-28T12:51:22Z""], [""zhqcqupt"", ""2019-11-29T17:15:51Z""], [""Matthew Rollings"", ""2019-06-10T10:29:09Z""], [""Jamie Cruwys"", ""2019-05-02T15:28:11Z""], [""Matthew Rollings"", ""2018-11-04T09:36:21Z""], [""Shanmugasanthosh"", ""2018-11-04T05:03:57Z""], [""Matthew Rollings"", ""2018-06-25T08:00:15Z""], [""Matthew Rollings"", ""2017-05-12T21:31:11Z""], [""Frieder Bluemle"", ""2017-05-11T16:41:00Z""], [""Scott Alexander-Bown"", ""2017-03-29T11:25:16Z""], [""Matthew Rollings"", ""2017-03-29T11:18:37Z""], [""Matthew Rollings"", ""2017-03-24T16:11:58Z""], [""Scott Alexander-Bown"", ""2016-07-01T20:21:13Z""], [""Scott Alexander-Bown"", ""2016-05-18T08:05:58Z""], [""Scott Alexander-Bown"", ""2016-03-14T21:04:13Z""], [""Scott Alexander-Bown"", ""2016-01-06T09:32:33Z""], [""Litrik De Roy"", ""2016-01-06T09:29:30Z""], [""Scott Alexander-Bown"", ""2015-09-17T12:49:01Z""], [""Scott Alexander-Bown"", ""2015-09-17T12:48:32Z""], [""Scott Alexander-Bown"", ""2015-07-01T08:28:32Z""], [""Scott Alexander-Bown"", ""2015-06-30T16:35:59Z""], [""Scott Alexander-Bown"", ""2015-06-30T15:31:31Z""], [""Matthew Rollings"", ""2015-06-30T15:07:09Z""], [""Matthew Rollings"", ""2015-06-30T15:06:34Z""], [""Matthew Rollings"", ""2015-06-30T15:04:49Z""], [""Scott Alexander-Bown"", ""2015-06-30T14:59:24Z""], [""Scott Alexander-Bown"", ""2015-06-30T14:45:12Z""], [""Scott Alexander-Bown"", ""2015-06-30T14:14:08Z""], [""Scott Alexander-Bown"", ""2015-06-29T13:06:14Z""], [""Scott Alexander-Bown"", ""2015-06-26T18:49:17Z""], [""Scott Alexander-Bown"", ""2015-06-19T09:05:57Z""], [""Scott Alexander-Bown"", ""2015-06-19T09:01:56Z""]]"
.circleci/config.yml,8,"[[""Scott Alexander-Bown"", ""2024-09-12T10:16:21Z""], [""Scott Alexander-Bown"", ""2021-05-08T14:18:37Z""], [""Matthew Rollings"", ""2020-02-07T14:44:11Z""], [""mat"", ""2020-02-04T13:21:36Z""], [""Matthew Rollings"", ""2018-06-14T15:53:38Z""], [""Matthew Rollings"", ""2018-05-11T16:10:49Z""], [""Matthew Rollings"", ""2018-05-11T13:31:48Z""], [""Matthew Rollings"", ""2018-05-11T13:27:52Z""]]"
.github/ISSUE_TEMPLATE.md,1,"[[""Scott Alexander-Bown"", ""2024-09-12T10:16:21Z""]]"
.github/PULL_REQUEST_TEMPLATE.md,1,"[[""Scott Alexander-Bown"", ""2024-09-12T10:16:21Z""]]"
CHANGE_LOG.md,1,"[[""Scott Alexander-Bown"", ""2024-09-12T10:16:21Z""]]"
app/src/main/AndroidManifest.xml,12,"[[""Scott Alexander-Bown"", ""2024-09-12T10:16:21Z""], [""Artsem Kurantsou"", ""2024-08-04T19:40:34Z""], [""Scott Alexander-Bown"", ""2021-05-08T14:18:37Z""], [""Deepak PK"", ""2020-03-11T09:28:40Z""], [""Matthew Rollings"", ""2020-02-03T20:42:40Z""], [""Daniel Kutik"", ""2019-11-16T02:34:24Z""], [""Scott Alexander-Bown"", ""2016-07-01T20:14:26Z""], [""Andy Barber"", ""2016-07-01T14:40:45Z""], [""Scott Alexander-Bown"", ""2015-10-01T15:20:16Z""], [""Alessandro Yuichi Okimoto"", ""2015-10-01T12:26:13Z""], [""Scott Alexander-Bown"", ""2015-06-26T15:50:40Z""], [""Scott Alexander-Bown"", ""2015-06-19T09:05:10Z""]]"
app/src/main/java/com/scottyab/rootbeer/sample/CheckForRootWorker.kt,6,"[[""Scott Alexander-Bown"", ""2024-09-12T10:16:21Z""], [""grubeli"", ""2021-11-16T14:04:57Z""], [""Scott Alexander-Bown"", ""2021-05-24T07:46:20Z""], [""Scott Alexander-Bown"", ""2021-05-24T07:45:07Z""], [""Scott Alexander-Bown"", ""2021-05-21T14:40:38Z""], [""Scott Alexander-Bown"", ""2021-05-08T14:18:37Z""]]"
app/src/main/java/com/scottyab/rootbeer/sample/MainActivity.kt,4,"[[""Scott Alexander-Bown"", ""2024-09-12T10:16:21Z""], [""Artsem Kurantsou"", ""2024-08-05T18:31:03Z""], [""Artsem Kurantsou"", ""2024-08-04T19:40:34Z""], [""Scott Alexander-Bown"", ""2021-05-08T14:18:37Z""]]"
app/src/main/java/com/scottyab/rootbeer/sample/RootItemResult.kt,2,"[[""Scott Alexander-Bown"", ""2024-09-12T10:16:21Z""], [""Scott Alexander-Bown"", ""2021-05-08T14:18:37Z""]]"
app/src/main/java/com/scottyab/rootbeer/sample/RootSampleApp.kt,3,"[[""Scott Alexander-Bown"", ""2024-09-12T10:16:21Z""], [""Artsem Kurantsou"", ""2024-08-04T19:40:34Z""], [""Scott Alexander-Bown"", ""2021-05-08T14:18:37Z""]]"
app/src/main/java/com/scottyab/rootbeer/sample/extensions/ViewExtensions.kt,2,"[[""Scott Alexander-Bown"", ""2024-09-12T10:16:21Z""], [""Scott Alexander-Bown"", ""2021-05-08T14:18:37Z""]]"
app/src/main/java/com/scottyab/rootbeer/sample/ui/ResultIconView.kt,2,"[[""Scott Alexander-Bown"", ""2024-09-12T10:16:21Z""], [""Scott Alexander-Bown"", ""2021-05-08T14:18:37Z""]]"
app/src/main/java/com/scottyab/rootbeer/sample/ui/RootItemAdapter.kt,3,"[[""Scott Alexander-Bown"", ""2024-09-12T10:16:21Z""], [""Artsem Kurantsou"", ""2024-08-04T19:40:34Z""], [""Scott Alexander-Bown"", ""2021-05-08T14:18:37Z""]]"
app/src/main/java/com/scottyab/rootbeer/sample/ui/RootedResultTextView.kt,2,"[[""Scott Alexander-Bown"", ""2024-09-12T10:16:21Z""], [""Scott Alexander-Bown"", ""2021-05-08T14:18:37Z""]]"
app/src/main/java/com/scottyab/rootbeer/sample/ui/ScopedActivity.kt,2,"[[""Scott Alexander-Bown"", ""2024-09-12T10:16:21Z""], [""Scott Alexander-Bown"", ""2021-05-08T14:18:37Z""]]"
app/src/main/res/drawable/ic_check_circle_green_24dp.xml,2,"[[""Scott Alexander-Bown"", ""2024-09-12T10:16:21Z""], [""Scott Alexander-Bown"", ""2021-05-08T14:18:37Z""]]"
app/src/main/res/drawable/ic_error_circle_outline_red_24dp.xml,2,"[[""Scott Alexander-Bown"", ""2024-09-12T10:16:21Z""], [""Scott Alexander-Bown"", ""2021-05-08T14:18:37Z""]]"
app/src/main/res/drawable/ic_info_outline_white_24dp.xml,2,"[[""Scott Alexander-Bown"", ""2024-09-12T10:16:21Z""], [""Scott Alexander-Bown"", ""2021-05-08T14:18:37Z""]]"
app/src/main/res/drawable/ic_lock_open_white_24dp.xml,2,"[[""Scott Alexander-Bown"", ""2024-09-12T10:16:21Z""], [""Scott Alexander-Bown"", ""2021-05-08T14:18:37Z""]]"
app/src/main/res/layout/activity_main.xml,16,"[[""Scott Alexander-Bown"", ""2024-09-12T10:16:21Z""], [""Scott Alexander-Bown"", ""2021-05-08T14:18:37Z""], [""Deepak PK"", ""2020-03-11T09:28:40Z""], [""Matthew Rollings"", ""2020-02-03T20:42:40Z""], [""Daniel Kutik"", ""2019-11-16T02:39:54Z""], [""Daniel Kutik"", ""2019-11-16T02:34:24Z""], [""Matthew Rollings"", ""2017-05-12T21:31:11Z""], [""Frieder Bluemle"", ""2017-05-11T16:41:00Z""], [""Scott Alexander-Bown"", ""2017-03-24T14:16:12Z""], [""Matthew Rollings"", ""2017-03-24T13:41:16Z""], [""Andy Barber"", ""2016-07-01T14:40:45Z""], [""Scott Alexander-Bown"", ""2015-09-16T12:14:10Z""], [""Matthew Rollings"", ""2015-06-30T15:06:34Z""], [""Scott Alexander-Bown"", ""2015-06-30T14:59:24Z""], [""Scott Alexander-Bown"", ""2015-06-29T13:06:14Z""], [""Scott Alexander-Bown"", ""2015-06-19T09:05:10Z""]]"
app/src/main/res/layout/item_root_check.xml,2,"[[""Scott Alexander-Bown"", ""2024-09-12T10:16:21Z""], [""Scott Alexander-Bown"", ""2021-05-08T14:18:37Z""]]"
app/src/main/res/menu/menu_main.xml,5,"[[""Scott Alexander-Bown"", ""2024-09-12T10:16:21Z""], [""Scott Alexander-Bown"", ""2021-05-08T14:18:37Z""], [""Andy Barber"", ""2016-07-01T14:40:45Z""], [""Scott Alexander-Bown"", ""2015-06-29T13:06:14Z""], [""Scott Alexander-Bown"", ""2015-06-19T09:05:10Z""]]"
app/src/main/res/mipmap-anydpi-v26/ic_launcher.xml,2,"[[""Scott Alexander-Bown"", ""2024-09-12T10:16:21Z""], [""Scott Alexander-Bown"", ""2021-05-08T16:42:23Z""]]"
app/src/main/res/mipmap-anydpi-v26/ic_launcher_round.xml,2,"[[""Scott Alexander-Bown"", ""2024-09-12T10:16:21Z""], [""Scott Alexander-Bown"", ""2021-05-08T16:42:23Z""]]"
app/src/main/res/values/colors.xml,4,"[[""Scott Alexander-Bown"", ""2024-09-12T10:16:21Z""], [""Scott Alexander-Bown"", ""2016-07-01T14:26:07Z""], [""Andy Barber"", ""2016-07-01T14:40:45Z""], [""Scott Alexander-Bown"", ""2015-09-16T12:14:10Z""]]"
app/src/main/res/values/dimens.xml,4,"[[""Scott Alexander-Bown"", ""2024-09-12T10:16:21Z""], [""Scott Alexander-Bown"", ""2021-05-08T14:18:37Z""], [""Andy Barber"", ""2016-07-01T14:40:45Z""], [""Scott Alexander-Bown"", ""2015-06-19T09:05:10Z""]]"
app/src/main/res/values/strings.xml,8,"[[""Scott Alexander-Bown"", ""2024-09-12T10:16:21Z""], [""Scott Alexander-Bown"", ""2021-05-08T14:18:37Z""], [""Matthew Rollings"", ""2017-05-12T21:31:11Z""], [""Frieder Bluemle"", ""2017-05-11T16:41:00Z""], [""Andy Barber"", ""2016-07-01T14:40:45Z""], [""Scott Alexander-Bown"", ""2015-06-29T13:06:14Z""], [""Scott Alexander-Bown"", ""2015-06-26T15:50:40Z""], [""Scott Alexander-Bown"", ""2015-06-19T09:05:10Z""]]"
app/src/main/res/values/styles.xml,5,"[[""Scott Alexander-Bown"", ""2024-09-12T10:16:21Z""], [""Matthew Rollings"", ""2020-02-03T20:42:40Z""], [""Daniel Kutik"", ""2019-11-16T02:34:24Z""], [""Andy Barber"", ""2016-07-01T14:40:45Z""], [""Scott Alexander-Bown"", ""2015-06-19T09:05:10Z""]]"
rootbeerlib/src/main/cpp/CMakeLists.txt,2,"[[""Scott Alexander-Bown"", ""2024-09-12T10:16:21Z""], [""Scott Alexander-Bown"", ""2021-05-22T13:42:21Z""]]"
rootbeerlib/src/main/java/com/scottyab/rootbeer/util/Utils.java,6,"[[""Scott Alexander-Bown"", ""2024-09-12T10:16:21Z""], [""Scott Alexander-Bown"", ""2021-05-08T14:18:37Z""], [""Matthew Rollings"", ""2019-03-14T12:24:58Z""], [""Scott Alexander-Bown"", ""2016-03-16T14:05:46Z""], [""Mohammed Ezzat"", ""2016-03-15T13:13:43Z""], [""Scott Alexander-Bown"", ""2015-06-30T14:14:08Z""]]"
gradle-mvn-push.gradle,2,"[[""Artsem Kurantsou"", ""2024-08-05T19:38:36Z""], [""Scott Alexander-Bown"", ""2020-03-16T11:44:07Z""]]"
gradle/wrapper/gradle-wrapper.jar,6,"[[""Artsem Kurantsou"", ""2024-08-04T21:38:30Z""], [""Matthew Rollings"", ""2020-02-03T20:42:40Z""], [""Daniel Kutik"", ""2019-11-16T02:34:24Z""], [""Matthew Rollings"", ""2017-05-12T21:31:11Z""], [""Frieder Bluemle"", ""2017-05-11T16:31:26Z""], [""Scott Alexander-Bown"", ""2015-06-19T09:05:10Z""]]"
gradlew,4,"[[""Artsem Kurantsou"", ""2024-08-04T21:38:30Z""], [""Matthew Rollings"", ""2017-05-12T21:31:11Z""], [""Frieder Bluemle"", ""2017-05-11T16:31:26Z""], [""Scott Alexander-Bown"", ""2015-06-19T09:05:10Z""]]"
gradlew.bat,5,"[[""Artsem Kurantsou"", ""2024-08-04T21:38:30Z""], [""Artsem Kurantsou"", ""2024-08-04T19:40:34Z""], [""Matthew Rollings"", ""2017-05-12T21:31:11Z""], [""Frieder Bluemle"", ""2017-05-11T16:31:26Z""], [""Scott Alexander-Bown"", ""2015-06-19T09:05:10Z""]]"
app/build.gradle,26,"[[""Artsem Kurantsou"", ""2024-08-04T21:18:36Z""], [""Artsem Kurantsou"", ""2024-08-04T19:40:34Z""], [""Scott Alexander-Bown"", ""2021-05-21T14:40:38Z""], [""Scott Alexander-Bown"", ""2021-05-08T16:42:23Z""], [""Scott Alexander-Bown"", ""2021-05-08T14:18:37Z""], [""mat"", ""2020-03-11T09:38:15Z""], [""Matthew Rollings"", ""2020-02-07T14:44:11Z""], [""mat"", ""2020-02-04T13:41:34Z""], [""Matthew Rollings"", ""2020-02-03T20:42:40Z""], [""Daniel Kutik"", ""2019-11-16T02:45:47Z""], [""Daniel Kutik"", ""2019-11-16T02:34:24Z""], [""Matthew Rollings"", ""2018-06-14T15:53:38Z""], [""Matthew Rollings"", ""2018-06-14T14:54:13Z""], [""Matthew Rollings"", ""2018-05-11T12:00:38Z""], [""Matthew Rollings"", ""2018-05-11T12:00:38Z""], [""Scott Alexander-Bown"", ""2017-03-29T11:25:16Z""], [""Matthew Rollings"", ""2017-03-24T14:49:14Z""], [""matthew"", ""2017-03-13T22:35:27Z""], [""Matthew Rollings"", ""2016-08-31T13:03:09Z""], [""Sergey Valiulik"", ""2016-07-07T08:48:51Z""], [""Scott Alexander-Bown"", ""2016-07-01T20:14:26Z""], [""Andy Barber"", ""2016-07-01T14:40:45Z""], [""Scott Alexander-Bown"", ""2016-03-14T21:04:13Z""], [""Scott Alexander-Bown"", ""2015-09-16T12:14:10Z""], [""Scott Alexander-Bown"", ""2015-06-26T15:50:40Z""], [""Scott Alexander-Bown"", ""2015-06-19T09:05:10Z""]]"
build.gradle,27,"[[""Artsem Kurantsou"", ""2024-08-04T21:18:36Z""], [""Artsem Kurantsou"", ""2024-08-04T19:40:34Z""], [""Scott Alexander-Bown"", ""2021-05-22T13:42:21Z""], [""Scott Alexander-Bown"", ""2021-05-08T14:18:37Z""], [""Matthew Rollings"", ""2020-02-08T21:35:00Z""], [""Matthew Rollings"", ""2020-02-07T14:44:11Z""], [""mat"", ""2020-02-04T13:41:34Z""], [""Matthew Rollings"", ""2020-02-03T20:42:40Z""], [""Daniel Kutik"", ""2020-01-31T00:54:28Z""], [""mat"", ""2020-01-28T12:31:03Z""], [""Daniel Kutik"", ""2019-11-16T02:34:24Z""], [""Matthew Rollings"", ""2018-06-14T15:53:38Z""], [""Matthew Rollings"", ""2018-06-14T14:54:13Z""], [""Matthew Rollings"", ""2018-05-11T12:00:38Z""], [""Matthew Rollings"", ""2018-05-11T12:00:38Z""], [""Frieder Bluemle"", ""2017-08-19T16:20:33Z""], [""Matthew Rollings"", ""2017-05-12T21:31:11Z""], [""Frieder Bluemle"", ""2017-05-11T16:32:04Z""], [""Matthew Rollings"", ""2017-03-24T14:49:14Z""], [""Scott Alexander-Bown"", ""2017-03-24T14:09:59Z""], [""matthew"", ""2017-03-13T22:35:27Z""], [""Matthew Rollings"", ""2016-08-31T13:03:09Z""], [""Sergey Valiulik"", ""2016-07-07T08:48:51Z""], [""Andy Barber"", ""2016-07-01T14:40:45Z""], [""Scott Alexander-Bown"", ""2016-05-17T15:21:28Z""], [""Scott Alexander-Bown"", ""2015-06-30T15:51:16Z""], [""Scott Alexander-Bown"", ""2015-06-19T09:05:10Z""]]"
dependencies.gradle,3,"[[""Artsem Kurantsou"", ""2024-08-04T21:18:36Z""], [""Artsem Kurantsou"", ""2024-08-04T19:40:34Z""], [""Scott Alexander-Bown"", ""2021-05-08T14:18:37Z""]]"
rootbeerlib/build.gradle,30,"[[""Artsem Kurantsou"", ""2024-08-04T21:18:36Z""], [""Artsem Kurantsou"", ""2024-08-04T19:40:34Z""], [""Scott Alexander-Bown"", ""2021-05-22T13:42:21Z""], [""Scott Alexander-Bown"", ""2020-03-16T11:44:07Z""], [""Matthew Rollings"", ""2020-02-08T21:35:00Z""], [""Matthew Rollings"", ""2020-02-07T14:44:11Z""], [""mat"", ""2020-02-04T13:41:34Z""], [""Matthew Rollings"", ""2020-02-03T20:42:40Z""], [""Daniel Kutik"", ""2020-01-31T00:54:28Z""], [""mat"", ""2020-01-28T12:31:03Z""], [""Daniel Kutik"", ""2019-11-16T02:45:47Z""], [""Daniel Kutik"", ""2019-11-16T02:34:24Z""], [""Matthew Rollings"", ""2018-06-14T15:53:38Z""], [""Matthew Rollings"", ""2018-05-11T16:03:38Z""], [""Matthew Rollings"", ""2018-05-11T16:01:52Z""], [""Matthew Rollings"", ""2018-05-11T13:34:50Z""], [""Matthew Rollings"", ""2018-05-11T12:00:38Z""], [""Matthew Rollings"", ""2018-05-11T12:00:38Z""], [""Matthew Rollings"", ""2018-05-11T11:04:52Z""], [""matthew"", ""2017-10-31T18:57:32Z""], [""Matthew Rollings"", ""2017-05-12T21:31:11Z""], [""Antonio"", ""2017-05-02T11:42:25Z""], [""Frieder Bluemle"", ""2017-05-11T16:41:00Z""], [""Antonio"", ""2017-05-02T11:42:25Z""], [""Matthew Rollings"", ""2017-03-24T14:49:14Z""], [""matthew"", ""2017-03-13T22:35:27Z""], [""Matthew Rollings"", ""2016-08-31T13:03:09Z""], [""Sergey Valiulik"", ""2016-07-07T08:48:51Z""], [""Scott Alexander-Bown"", ""2015-06-30T15:51:16Z""], [""Scott Alexander-Bown"", ""2015-06-26T15:50:40Z""]]"
settings.gradle,3,"[[""Artsem Kurantsou"", ""2024-08-04T21:18:36Z""], [""Scott Alexander-Bown"", ""2015-06-26T15:50:40Z""], [""Scott Alexander-Bown"", ""2015-06-19T09:05:10Z""]]"
rootbeerlib/src/main/AndroidManifest.xml,5,"[[""Artsem Kurantsou"", ""2024-08-04T19:40:34Z""], [""Scott Alexander-Bown"", ""2021-05-22T13:42:21Z""], [""Scott Alexander-Bown"", ""2015-10-13T08:41:54Z""], [""Alessandro Yuichi Okimoto"", ""2015-10-06T08:56:57Z""], [""Scott Alexander-Bown"", ""2015-06-26T15:50:40Z""]]"
rootbeerlib/src/main/java/com/scottyab/rootbeer/RootBeerNative.java,10,"[[""Matthew Rollings"", ""2021-05-24T07:35:11Z""], [""Scott Alexander-Bown"", ""2021-05-08T14:18:37Z""], [""Matthew Rollings"", ""2019-03-14T12:24:58Z""], [""Matthew Rollings"", ""2017-03-29T11:18:37Z""], [""Scott Alexander-Bown"", ""2015-06-30T14:45:20Z""], [""Matthew Rollings"", ""2015-06-30T14:36:54Z""], [""Scott Alexander-Bown"", ""2015-06-30T14:14:20Z""], [""Matthew Rollings"", ""2015-06-30T14:14:02Z""], [""Matthew Rollings"", ""2015-06-26T15:57:05Z""], [""Scott Alexander-Bown"", ""2015-06-26T15:50:40Z""]]"
changes.md,8,"[[""Scott Alexander-Bown"", ""2021-05-22T13:42:21Z""], [""Scott Alexander-Bown"", ""2021-05-08T14:18:37Z""], [""Scott Alexander-Bown"", ""2021-05-04T06:47:42Z""], [""Matthew Rollings"", ""2020-02-07T14:44:11Z""], [""mat"", ""2020-02-04T11:42:07Z""], [""Matthew Rollings"", ""2017-05-12T21:31:11Z""], [""Frieder Bluemle"", ""2017-05-11T16:41:00Z""], [""Scott Alexander-Bown"", ""2017-03-29T11:25:16Z""]]"
rootbeerlib/src/main/cpp/toolChecker.cpp,1,"[[""Scott Alexander-Bown"", ""2021-05-22T13:42:21Z""]]"
rootbeerlib/src/main/cpp/toolChecker.h,1,"[[""Scott Alexander-Bown"", ""2021-05-22T13:42:21Z""]]"
rootbeerlib/src/main/jni/Android.mk,6,"[[""Scott Alexander-Bown"", ""2021-05-22T13:42:21Z""], [""Roberto Gonzalez"", ""2020-07-17T08:05:44Z""], [""Matthew Rollings"", ""2017-05-12T21:31:11Z""], [""Frieder Bluemle"", ""2017-05-11T16:41:00Z""], [""Matthew Rollings"", ""2017-03-24T14:49:14Z""], [""matthew"", ""2017-03-13T22:35:27Z""]]"
rootbeerlib/src/main/jni/Application.mk,8,"[[""Scott Alexander-Bown"", ""2021-05-22T13:42:21Z""], [""Matthew Rollings"", ""2018-06-14T15:53:38Z""], [""Matthew Rollings"", ""2018-05-11T12:00:38Z""], [""Matthew Rollings"", ""2018-05-11T12:00:38Z""], [""Matthew Rollings"", ""2017-05-12T21:31:11Z""], [""Frieder Bluemle"", ""2017-05-11T16:41:00Z""], [""Matthew Rollings"", ""2017-03-24T14:49:14Z""], [""matthew"", ""2017-03-13T22:35:27Z""]]"
rootbeerlib/src/main/jniLibs/arm64-v8a/libtool-checker.so,13,"[[""Scott Alexander-Bown"", ""2021-05-22T13:42:21Z""], [""Scott Alexander-Bown"", ""2021-05-21T14:40:38Z""], [""Matthew Rollings"", ""2020-02-07T14:44:11Z""], [""mat"", ""2020-02-04T13:41:34Z""], [""Matthew Rollings"", ""2018-06-14T15:53:38Z""], [""Matthew Rollings"", ""2018-05-11T16:01:52Z""], [""Matthew Rollings"", ""2018-05-11T12:00:38Z""], [""Matthew Rollings"", ""2018-05-11T12:00:38Z""], [""Matthew Rollings"", ""2017-03-24T14:49:14Z""], [""matthew"", ""2017-03-13T22:55:31Z""], [""matthew"", ""2017-03-13T22:35:27Z""], [""Matthew Rollings"", ""2016-03-14T17:18:04Z""], [""biddster"", ""2016-03-07T14:21:36Z""]]"
rootbeerlib/src/main/jniLibs/armeabi-v7a/libtool-checker.so,19,"[[""Scott Alexander-Bown"", ""2021-05-22T13:42:21Z""], [""Scott Alexander-Bown"", ""2021-05-21T14:40:38Z""], [""Matthew Rollings"", ""2020-02-07T14:44:11Z""], [""mat"", ""2020-02-04T13:41:34Z""], [""Matthew Rollings"", ""2018-06-14T15:53:38Z""], [""Matthew Rollings"", ""2018-05-11T16:01:52Z""], [""Matthew Rollings"", ""2018-05-11T12:00:38Z""], [""Matthew Rollings"", ""2018-05-11T12:00:38Z""], [""Matthew Rollings"", ""2017-03-24T14:49:14Z""], [""matthew"", ""2017-03-13T22:55:31Z""], [""matthew"", ""2017-03-13T22:35:27Z""], [""Scott Alexander-Bown"", ""2015-06-30T16:35:59Z""], [""Scott Alexander-Bown"", ""2015-06-30T14:45:20Z""], [""Matthew Rollings"", ""2015-06-30T14:36:54Z""], [""Scott Alexander-Bown"", ""2015-06-30T14:14:20Z""], [""Matthew Rollings"", ""2015-06-30T14:14:02Z""], [""Matthew Rollings"", ""2015-06-30T13:03:45Z""], [""Matthew Rollings"", ""2015-06-26T16:10:45Z""], [""Scott Alexander-Bown"", ""2015-06-26T15:50:40Z""]]"
rootbeerlib/src/main/jniLibs/x86/libtool-checker.so,17,"[[""Scott Alexander-Bown"", ""2021-05-22T13:42:21Z""], [""Scott Alexander-Bown"", ""2021-05-21T14:40:38Z""], [""Matthew Rollings"", ""2020-02-07T14:44:11Z""], [""mat"", ""2020-02-04T13:41:34Z""], [""Matthew Rollings"", ""2018-06-14T15:53:38Z""], [""Matthew Rollings"", ""2018-05-11T16:01:52Z""], [""Matthew Rollings"", ""2018-05-11T12:00:38Z""], [""Matthew Rollings"", ""2018-05-11T12:00:38Z""], [""Matthew Rollings"", ""2017-03-24T14:49:14Z""], [""matthew"", ""2017-03-13T22:55:31Z""], [""matthew"", ""2017-03-13T22:35:27Z""], [""Scott Alexander-Bown"", ""2015-06-30T16:35:59Z""], [""Scott Alexander-Bown"", ""2015-06-30T14:45:20Z""], [""Matthew Rollings"", ""2015-06-30T14:36:54Z""], [""Scott Alexander-Bown"", ""2015-06-30T14:14:20Z""], [""Matthew Rollings"", ""2015-06-30T14:14:02Z""], [""Matthew Rollings"", ""2015-06-30T13:03:45Z""]]"
rootbeerlib/src/main/jniLibs/x86_64/libtool-checker.so,13,"[[""Scott Alexander-Bown"", ""2021-05-22T13:42:21Z""], [""Scott Alexander-Bown"", ""2021-05-21T14:40:38Z""], [""Matthew Rollings"", ""2020-02-07T14:44:11Z""], [""mat"", ""2020-02-04T13:41:34Z""], [""Matthew Rollings"", ""2018-06-14T15:53:38Z""], [""Matthew Rollings"", ""2018-05-11T16:01:52Z""], [""Matthew Rollings"", ""2018-05-11T12:00:38Z""], [""Matthew Rollings"", ""2018-05-11T12:00:38Z""], [""Matthew Rollings"", ""2017-03-24T14:49:14Z""], [""matthew"", ""2017-03-13T22:55:31Z""], [""matthew"", ""2017-03-13T22:35:27Z""], [""Matthew Rollings"", ""2016-03-14T17:18:04Z""], [""biddster"", ""2016-03-07T14:21:36Z""]]"
app/src/main/ic_launcher-playstore.png,1,"[[""Scott Alexander-Bown"", ""2021-05-08T16:42:23Z""]]"
app/src/main/res/mipmap-hdpi/ic_launcher.png,4,"[[""Scott Alexander-Bown"", ""2021-05-08T16:42:23Z""], [""Andy Barber"", ""2016-07-01T14:40:45Z""], [""Matthew Rollings"", ""2015-06-26T15:59:58Z""], [""Scott Alexander-Bown"", ""2015-06-19T09:05:10Z""]]"
app/src/main/res/mipmap-hdpi/ic_launcher_foreground.png,1,"[[""Scott Alexander-Bown"", ""2021-05-08T16:42:23Z""]]"
app/src/main/res/mipmap-hdpi/ic_launcher_round.png,1,"[[""Scott Alexander-Bown"", ""2021-05-08T16:42:23Z""]]"
app/src/main/res/mipmap-mdpi/ic_launcher.png,4,"[[""Scott Alexander-Bown"", ""2021-05-08T16:42:23Z""], [""Andy Barber"", ""2016-07-01T14:40:45Z""], [""Matthew Rollings"", ""2015-06-26T15:59:58Z""], [""Scott Alexander-Bown"", ""2015-06-19T09:05:10Z""]]"
app/src/main/res/mipmap-mdpi/ic_launcher_foreground.png,1,"[[""Scott Alexander-Bown"", ""2021-05-08T16:42:23Z""]]"
app/src/main/res/mipmap-mdpi/ic_launcher_round.png,1,"[[""Scott Alexander-Bown"", ""2021-05-08T16:42:23Z""]]"
app/src/main/res/mipmap-xhdpi/ic_launcher.png,4,"[[""Scott Alexander-Bown"", ""2021-05-08T16:42:23Z""], [""Andy Barber"", ""2016-07-01T14:40:45Z""], [""Matthew Rollings"", ""2015-06-26T15:59:58Z""], [""Scott Alexander-Bown"", ""2015-06-19T09:05:10Z""]]"
app/src/main/res/mipmap-xhdpi/ic_launcher_foreground.png,1,"[[""Scott Alexander-Bown"", ""2021-05-08T16:42:23Z""]]"
app/src/main/res/mipmap-xhdpi/ic_launcher_round.png,1,"[[""Scott Alexander-Bown"", ""2021-05-08T16:42:23Z""]]"
app/src/main/res/mipmap-xxhdpi/ic_launcher.png,4,"[[""Scott Alexander-Bown"", ""2021-05-08T16:42:23Z""], [""Andy Barber"", ""2016-07-01T14:40:45Z""], [""Matthew Rollings"", ""2015-06-26T15:59:58Z""], [""Scott Alexander-Bown"", ""2015-06-19T09:05:10Z""]]"
app/src/main/res/mipmap-xxhdpi/ic_launcher_foreground.png,1,"[[""Scott Alexander-Bown"", ""2021-05-08T16:42:23Z""]]"
app/src/main/res/mipmap-xxhdpi/ic_launcher_round.png,1,"[[""Scott Alexander-Bown"", ""2021-05-08T16:42:23Z""]]"
app/src/main/res/mipmap-xxxhdpi/ic_launcher.png,3,"[[""Scott Alexander-Bown"", ""2021-05-08T16:42:23Z""], [""Andy Barber"", ""2016-07-01T14:40:45Z""], [""Matthew Rollings"", ""2015-06-26T15:59:58Z""]]"
app/src/main/res/mipmap-xxxhdpi/ic_launcher_foreground.png,1,"[[""Scott Alexander-Bown"", ""2021-05-08T16:42:23Z""]]"
app/src/main/res/mipmap-xxxhdpi/ic_launcher_round.png,1,"[[""Scott Alexander-Bown"", ""2021-05-08T16:42:23Z""]]"
app/src/main/res/values/ic_launcher_background.xml,1,"[[""Scott Alexander-Bown"", ""2021-05-08T16:42:23Z""]]"
app/src/main/java/com/scottyab/rootbeer/sample/CheckRootTask.java,11,"[[""Scott Alexander-Bown"", ""2021-05-08T14:18:37Z""], [""Matthew Rollings"", ""2020-02-03T20:42:40Z""], [""Daniel Kutik"", ""2019-11-16T02:39:54Z""], [""Matthew Rollings"", ""2019-03-14T12:24:58Z""], [""Matthew Rollings"", ""2018-03-20T17:57:33Z""], [""altvnv"", ""2018-03-16T16:42:19Z""], [""Matthew Rollings"", ""2017-03-29T11:18:37Z""], [""Matthew Rollings"", ""2017-02-15T12:53:36Z""], [""Scott Alexander-Bown"", ""2016-07-01T20:13:06Z""], [""Scott Alexander-Bown"", ""2016-07-01T14:25:44Z""], [""Andy Barber"", ""2016-07-01T14:40:45Z""]]"
app/src/main/java/com/scottyab/rootbeer/sample/MainActivity.java,14,"[[""Scott Alexander-Bown"", ""2021-05-08T14:18:37Z""], [""Matthew Rollings"", ""2020-02-03T20:42:40Z""], [""Daniel Kutik"", ""2019-11-16T02:34:24Z""], [""Scott Alexander-Bown"", ""2017-03-24T14:16:12Z""], [""Matthew Rollings"", ""2017-03-24T13:41:16Z""], [""Scott Alexander-Bown"", ""2016-07-01T20:13:52Z""], [""Andy Barber"", ""2016-07-01T14:40:45Z""], [""Scott Alexander-Bown"", ""2016-04-01T15:04:36Z""], [""Mohammed Ezzat"", ""2016-03-16T14:14:44Z""], [""Scott Alexander-Bown"", ""2015-09-16T12:14:10Z""], [""Scott Alexander-Bown"", ""2015-06-30T14:45:12Z""], [""Scott Alexander-Bown"", ""2015-06-30T14:14:08Z""], [""Scott Alexander-Bown"", ""2015-06-29T13:06:14Z""], [""Scott Alexander-Bown"", ""2015-06-26T15:50:40Z""]]"
app/src/main/java/com/scottyab/rootbeer/sample/TextViewFont.java,7,"[[""Scott Alexander-Bown"", ""2021-05-08T14:18:37Z""], [""Matthew Rollings"", ""2020-02-03T20:42:40Z""], [""Daniel Kutik"", ""2019-11-16T02:39:54Z""], [""Daniel Kutik"", ""2019-11-16T02:34:24Z""], [""Matthew Rollings"", ""2017-05-12T21:31:11Z""], [""Frieder Bluemle"", ""2017-05-11T16:55:33Z""], [""Andy Barber"", ""2016-07-01T14:40:45Z""]]"
app/src/main/res/drawable-hdpi/ic_info_outline_white_18dp.png,2,"[[""Scott Alexander-Bown"", ""2021-05-08T14:18:37Z""], [""Andy Barber"", ""2016-07-01T14:40:45Z""]]"
app/src/main/res/drawable-hdpi/ic_info_outline_white_24dp.png,2,"[[""Scott Alexander-Bown"", ""2021-05-08T14:18:37Z""], [""Andy Barber"", ""2016-07-01T14:40:45Z""]]"
app/src/main/res/drawable-hdpi/ic_info_outline_white_36dp.png,2,"[[""Scott Alexander-Bown"", ""2021-05-08T14:18:37Z""], [""Andy Barber"", ""2016-07-01T14:40:45Z""]]"
app/src/main/res/drawable-hdpi/ic_lock_open_white_24dp.png,2,"[[""Scott Alexander-Bown"", ""2021-05-08T14:18:37Z""], [""Andy Barber"", ""2016-07-01T14:40:45Z""]]"
app/src/main/res/drawable-mdpi/ic_info_outline_white_18dp.png,2,"[[""Scott Alexander-Bown"", ""2021-05-08T14:18:37Z""], [""Andy Barber"", ""2016-07-01T14:40:45Z""]]"
app/src/main/res/drawable-mdpi/ic_info_outline_white_24dp.png,2,"[[""Scott Alexander-Bown"", ""2021-05-08T14:18:37Z""], [""Andy Barber"", ""2016-07-01T14:40:45Z""]]"
app/src/main/res/drawable-mdpi/ic_info_outline_white_36dp.png,2,"[[""Scott Alexander-Bown"", ""2021-05-08T14:18:37Z""], [""Andy Barber"", ""2016-07-01T14:40:45Z""]]"
app/src/main/res/drawable-mdpi/ic_lock_open_white_24dp.png,2,"[[""Scott Alexander-Bown"", ""2021-05-08T14:18:37Z""], [""Andy Barber"", ""2016-07-01T14:40:45Z""]]"
app/src/main/res/drawable-xhdpi/ic_cross_red_24dp.png,2,"[[""Scott Alexander-Bown"", ""2021-05-08T14:18:37Z""], [""Andy Barber"", ""2016-07-01T14:40:45Z""]]"
app/src/main/res/drawable-xhdpi/ic_info_outline_white_18dp.png,2,"[[""Scott Alexander-Bown"", ""2021-05-08T14:18:37Z""], [""Andy Barber"", ""2016-07-01T14:40:45Z""]]"
app/src/main/res/drawable-xhdpi/ic_info_outline_white_24dp.png,2,"[[""Scott Alexander-Bown"", ""2021-05-08T14:18:37Z""], [""Andy Barber"", ""2016-07-01T14:40:45Z""]]"
app/src/main/res/drawable-xhdpi/ic_info_outline_white_36dp.png,2,"[[""Scott Alexander-Bown"", ""2021-05-08T14:18:37Z""], [""Andy Barber"", ""2016-07-01T14:40:45Z""]]"
app/src/main/res/drawable-xhdpi/ic_lock_open_white_24dp.png,2,"[[""Scott Alexander-Bown"", ""2021-05-08T14:18:37Z""], [""Andy Barber"", ""2016-07-01T14:40:45Z""]]"
app/src/main/res/drawable-xhdpi/ic_tick_green_24dp.png,2,"[[""Scott Alexander-Bown"", ""2021-05-08T14:18:37Z""], [""Andy Barber"", ""2016-07-01T14:40:45Z""]]"
app/src/main/res/drawable-xxhdpi/ic_info_outline_white_18dp.png,2,"[[""Scott Alexander-Bown"", ""2021-05-08T14:18:37Z""], [""Andy Barber"", ""2016-07-01T14:40:45Z""]]"
app/src/main/res/drawable-xxhdpi/ic_info_outline_white_24dp.png,2,"[[""Scott Alexander-Bown"", ""2021-05-08T14:18:37Z""], [""Andy Barber"", ""2016-07-01T14:40:45Z""]]"
app/src/main/res/drawable-xxhdpi/ic_info_outline_white_36dp.png,2,"[[""Scott Alexander-Bown"", ""2021-05-08T14:18:37Z""], [""Andy Barber"", ""2016-07-01T14:40:45Z""]]"
app/src/main/res/drawable-xxhdpi/ic_lock_open_white_24dp.png,2,"[[""Scott Alexander-Bown"", ""2021-05-08T14:18:37Z""], [""Andy Barber"", ""2016-07-01T14:40:45Z""]]"
app/src/main/res/drawable-xxxhdpi/ic_info_outline_white_18dp.png,2,"[[""Scott Alexander-Bown"", ""2021-05-08T14:18:37Z""], [""Andy Barber"", ""2016-07-01T14:40:45Z""]]"
app/src/main/res/drawable-xxxhdpi/ic_info_outline_white_24dp.png,2,"[[""Scott Alexander-Bown"", ""2021-05-08T14:18:37Z""], [""Andy Barber"", ""2016-07-01T14:40:45Z""]]"
app/src/main/res/drawable-xxxhdpi/ic_info_outline_white_36dp.png,2,"[[""Scott Alexander-Bown"", ""2021-05-08T14:18:37Z""], [""Andy Barber"", ""2016-07-01T14:40:45Z""]]"
app/src/main/res/drawable-xxxhdpi/ic_lock_open_white_24dp.png,2,"[[""Scott Alexander-Bown"", ""2021-05-08T14:18:37Z""], [""Andy Barber"", ""2016-07-01T14:40:45Z""]]"
app/src/main/res/drawable/pint_glass.png,2,"[[""Scott Alexander-Bown"", ""2021-05-08T14:18:37Z""], [""Andy Barber"", ""2016-07-01T14:40:45Z""]]"
app/src/main/res/layout/content_main.xml,6,"[[""Scott Alexander-Bown"", ""2021-05-08T14:18:37Z""], [""Matthew Rollings"", ""2017-05-12T21:31:11Z""], [""Frieder Bluemle"", ""2017-05-11T16:41:00Z""], [""Scott Alexander-Bown"", ""2016-07-01T20:13:52Z""], [""Scott Alexander-Bown"", ""2016-07-01T14:26:07Z""], [""Andy Barber"", ""2016-07-01T14:40:45Z""]]"
app/src/main/res/values-w820dp/dimens.xml,3,"[[""Scott Alexander-Bown"", ""2021-05-08T14:18:37Z""], [""Andy Barber"", ""2016-07-01T14:40:45Z""], [""Scott Alexander-Bown"", ""2015-06-19T09:05:10Z""]]"
app/src/main/res/values/attrs.xml,4,"[[""Scott Alexander-Bown"", ""2021-05-08T14:18:37Z""], [""Matthew Rollings"", ""2017-05-12T21:31:11Z""], [""Frieder Bluemle"", ""2017-05-11T16:41:00Z""], [""Andy Barber"", ""2016-07-01T14:40:45Z""]]"
rootbeerlib/src/main/java/com/scottyab/rootbeer/Const.java,24,"[[""Scott Alexander-Bown"", ""2021-05-08T14:18:37Z""], [""Fi5t"", ""2020-07-15T20:47:49Z""], [""Daniel Kutik"", ""2020-01-31T00:54:28Z""], [""Matthew Rollings"", ""2020-01-30T16:17:56Z""], [""mat"", ""2020-01-30T13:09:02Z""], [""Matthew Rollings"", ""2020-01-30T13:05:03Z""], [""mat"", ""2020-01-28T14:06:12Z""], [""Ivan Vlasov"", ""2019-12-09T10:32:18Z""], [""Matthew Rollings"", ""2019-03-14T12:24:58Z""], [""Matthew Rollings"", ""2018-03-20T17:57:33Z""], [""altvnv"", ""2018-03-16T16:42:19Z""], [""altvnv"", ""2018-03-16T12:02:21Z""], [""altvnv"", ""2018-03-16T11:36:53Z""], [""Scott Alexander-Bown"", ""2017-03-24T14:16:12Z""], [""Matthew Rollings"", ""2017-03-24T13:30:47Z""], [""Scott Alexander-Bown"", ""2016-03-16T14:05:46Z""], [""Mohammed Ezzat"", ""2016-03-15T13:13:43Z""], [""Scott Alexander-Bown"", ""2015-09-16T12:13:36Z""], [""Matthew Rollings"", ""2015-06-30T15:06:34Z""], [""Scott Alexander-Bown"", ""2015-06-30T14:59:48Z""], [""Scott Alexander-Bown"", ""2015-06-30T14:14:20Z""], [""Matthew Rollings"", ""2015-06-30T13:40:46Z""], [""Scott Alexander-Bown"", ""2015-06-29T13:06:59Z""], [""Scott Alexander-Bown"", ""2015-06-26T15:50:40Z""]]"
rootbeerlib/src/test/java/com/scottyab/rootbeer/RootBeerTest.java,13,"[[""Scott Alexander-Bown"", ""2021-05-08T14:18:37Z""], [""Matthew Rollings"", ""2020-02-03T20:42:40Z""], [""Matthew Rollings"", ""2020-02-03T20:42:27Z""], [""Daniel Kutik"", ""2020-01-31T00:54:28Z""], [""mat"", ""2020-01-30T16:12:36Z""], [""Matthew Rollings"", ""2020-01-30T13:05:20Z""], [""mat"", ""2020-01-28T13:03:18Z""], [""Daniel Kutik"", ""2019-11-16T02:34:24Z""], [""Matthew Rollings"", ""2019-03-14T12:24:58Z""], [""Matthew Rollings"", ""2018-06-14T15:53:38Z""], [""Matthew Rollings"", ""2018-05-11T13:16:33Z""], [""Matthew Rollings"", ""2018-05-11T11:04:52Z""], [""matthew"", ""2017-10-31T18:57:32Z""]]"
rootbeerlib/src/main/res/values/strings.xml,2,"[[""Stefan M"", ""2020-07-22T11:25:49Z""], [""Scott Alexander-Bown"", ""2015-06-26T15:50:40Z""]]"
rootbeerlib/src/main/java/com/scottyab/rootbeer/RootBeer.java,53,"[[""Slim Namouchi"", ""2020-07-21T13:19:44Z""], [""Matthew Rollings"", ""2020-07-21T13:10:44Z""], [""Matthew Rollings"", ""2020-02-07T14:44:11Z""], [""mat"", ""2020-02-07T09:43:09Z""], [""Daniel Kutik"", ""2020-01-31T00:54:28Z""], [""Matthew Rollings"", ""2020-01-30T13:05:20Z""], [""Matthew Rollings"", ""2020-01-30T13:05:03Z""], [""mat"", ""2020-01-28T14:06:12Z""], [""mat"", ""2020-01-28T13:03:18Z""], [""mat"", ""2020-01-28T12:41:49Z""], [""Ivan Vlasov"", ""2019-12-09T10:32:18Z""], [""Matthew Rollings"", ""2019-03-14T12:24:58Z""], [""Matthew Rollings"", ""2018-06-14T15:53:38Z""], [""Matthew Rollings"", ""2018-05-11T12:00:38Z""], [""Matthew Rollings"", ""2018-05-11T12:00:38Z""], [""Matthew Rollings"", ""2018-05-11T11:04:28Z""], [""Matthew Rollings"", ""2018-05-11T10:59:44Z""], [""Matthew Rollings"", ""2018-03-20T17:57:33Z""], [""altvnv"", ""2018-03-16T16:49:07Z""], [""altvnv"", ""2018-03-16T16:42:19Z""], [""altvnv"", ""2018-03-16T12:14:23Z""], [""Matthew Rollings"", ""2017-09-29T08:23:05Z""], [""Frieder Bluemle"", ""2017-08-19T16:20:33Z""], [""Ali Waseem"", ""2017-08-11T15:34:54Z""], [""LeonKarabchevsky"", ""2017-06-11T14:34:20Z""], [""BIOCATCH\\Leon.Karabchevsky"", ""2017-06-07T07:53:52Z""], [""Matthew Rollings"", ""2017-05-12T21:21:12Z""], [""vyas"", ""2017-05-10T19:44:29Z""], [""Matthew Rollings"", ""2017-03-29T11:18:37Z""], [""Matthew Rollings"", ""2017-03-24T16:11:58Z""], [""Scott Alexander-Bown"", ""2017-03-24T14:16:12Z""], [""Matthew Rollings"", ""2017-03-24T13:31:19Z""], [""Matthew Rollings"", ""2017-03-13T22:05:11Z""], [""Matthew Rollings"", ""2017-02-15T12:53:36Z""], [""leocadiotine"", ""2016-09-14T21:25:21Z""], [""Scott Alexander-Bown"", ""2016-05-17T15:20:15Z""], [""Matthew Rollings"", ""2016-04-18T16:36:03Z""], [""Scott Alexander-Bown"", ""2016-03-16T14:05:46Z""], [""Mohammed Ezzat"", ""2016-03-15T13:13:43Z""], [""Scott Alexander-Bown"", ""2015-12-30T16:22:10Z""], [""Matthew Rollings"", ""2015-12-22T10:17:02Z""], [""Matthew Rollings"", ""2015-12-22T10:11:09Z""], [""Scott Alexander-Bown"", ""2015-12-22T09:06:26Z""], [""Matthew Rollings"", ""2015-12-21T20:44:58Z""], [""Matthew Rollings"", ""2015-12-21T20:43:55Z""], [""Scott Alexander-Bown"", ""2015-06-30T14:45:20Z""], [""Scott Alexander-Bown"", ""2015-06-30T14:45:12Z""], [""Matthew Rollings"", ""2015-06-30T14:36:54Z""], [""Scott Alexander-Bown"", ""2015-06-30T14:14:20Z""], [""Scott Alexander-Bown"", ""2015-06-30T14:14:08Z""], [""Matthew Rollings"", ""2015-06-30T14:14:02Z""], [""Scott Alexander-Bown"", ""2015-06-29T13:06:59Z""], [""Scott Alexander-Bown"", ""2015-06-26T15:50:40Z""]]"
art/RootBeer-tv-graphic.png,1,"[[""mat"", ""2020-03-11T09:38:15Z""]]"
art/tv-1.png,1,"[[""mat"", ""2020-03-11T09:38:15Z""]]"
art/tv-2.png,1,"[[""mat"", ""2020-03-11T09:38:15Z""]]"
art/tv-3.png,1,"[[""mat"", ""2020-03-11T09:38:15Z""]]"
art/sticker.png,2,"[[""Matthew Rollings"", ""2020-02-07T14:44:11Z""], [""mat"", ""2020-02-04T11:41:46Z""]]"
rootbeerlib/src/main/java/com/scottyab/rootbeer/util/QLog.java,12,"[[""Matthew Rollings"", ""2020-02-07T14:44:11Z""], [""mat"", ""2020-02-07T09:43:09Z""], [""Matthew Rollings"", ""2018-05-11T11:04:52Z""], [""matthew"", ""2017-10-31T18:57:32Z""], [""Frieder Bluemle"", ""2017-08-19T16:20:33Z""], [""Matthew Rollings"", ""2017-05-12T21:31:11Z""], [""Frieder Bluemle"", ""2017-05-11T16:41:00Z""], [""Matthew Rollings"", ""2017-02-15T12:53:36Z""], [""Scott Alexander-Bown"", ""2016-03-16T14:05:46Z""], [""Mohammed Ezzat"", ""2016-03-15T13:13:43Z""], [""Scott Alexander-Bown"", ""2015-06-26T18:48:49Z""], [""Scott Alexander-Bown"", ""2015-06-26T15:50:40Z""]]"
.gitattributes,2,"[[""Matthew Rollings"", ""2020-02-03T20:42:40Z""], [""Daniel Kutik"", ""2019-11-16T02:39:54Z""]]"
.gitignore,15,"[[""Matthew Rollings"", ""2020-02-03T20:42:40Z""], [""Daniel Kutik"", ""2019-11-16T02:34:24Z""], [""Matthew Rollings"", ""2017-05-12T21:31:11Z""], [""Frieder Bluemle"", ""2017-05-11T16:43:00Z""], [""Matthew Rollings"", ""2017-03-24T14:49:14Z""], [""Scott Alexander-Bown"", ""2017-03-24T14:15:39Z""], [""Scott Alexander-Bown"", ""2017-03-24T14:12:34Z""], [""Scott Alexander-Bown"", ""2016-07-01T20:13:06Z""], [""Andy Barber"", ""2016-07-01T14:40:45Z""], [""Scott Alexander-Bown"", ""2015-06-30T16:35:59Z""], [""Scott Alexander-Bown"", ""2015-06-30T16:07:59Z""], [""Scott Alexander-Bown"", ""2015-06-19T09:06:26Z""], [""Scott Alexander-Bown"", ""2015-06-19T09:05:57Z""], [""Scott Alexander-Bown"", ""2015-06-19T09:05:10Z""], [""Scott Alexander-Bown"", ""2015-06-19T09:01:56Z""]]"
app/src/androidTest/java/com/scottyab/rootbeer/ApplicationTest.java,6,"[[""Matthew Rollings"", ""2020-02-03T20:42:40Z""], [""Daniel Kutik"", ""2019-11-16T02:45:47Z""], [""Daniel Kutik"", ""2019-11-16T02:34:24Z""], [""Matthew Rollings"", ""2017-05-12T21:31:11Z""], [""Frieder Bluemle"", ""2017-05-11T16:41:00Z""], [""Scott Alexander-Bown"", ""2015-06-26T15:50:40Z""]]"
rootbeerlib/src/androidTest/java/com/scottyab/rootbeer/ApplicationTest.java,6,"[[""Matthew Rollings"", ""2020-02-03T20:42:40Z""], [""Daniel Kutik"", ""2019-11-16T02:45:47Z""], [""Daniel Kutik"", ""2019-11-16T02:34:24Z""], [""Matthew Rollings"", ""2017-05-12T21:31:11Z""], [""Frieder Bluemle"", ""2017-05-11T16:41:00Z""], [""Scott Alexander-Bown"", ""2015-06-26T15:50:40Z""]]"
app/libs/armeabi/libtool-checker.so,3,"[[""Matthew Rollings"", ""2018-06-14T15:53:38Z""], [""Matthew Rollings"", ""2018-05-11T16:01:52Z""], [""Matthew Rollings"", ""2015-06-26T14:32:45Z""]]"
rootbeerlib/src/main/jniLibs/armeabi/libtool-checker.so,12,"[[""Matthew Rollings"", ""2018-06-14T15:53:38Z""], [""Matthew Rollings"", ""2018-05-11T12:00:38Z""], [""Matthew Rollings"", ""2018-05-11T12:00:38Z""], [""Matthew Rollings"", ""2017-03-24T14:49:14Z""], [""matthew"", ""2017-03-13T22:55:31Z""], [""matthew"", ""2017-03-13T22:35:27Z""], [""Scott Alexander-Bown"", ""2015-06-30T16:35:59Z""], [""Scott Alexander-Bown"", ""2015-06-30T14:45:20Z""], [""Matthew Rollings"", ""2015-06-30T14:36:54Z""], [""Scott Alexander-Bown"", ""2015-06-30T14:14:20Z""], [""Matthew Rollings"", ""2015-06-30T14:14:02Z""], [""Matthew Rollings"", ""2015-06-30T13:03:45Z""]]"
rootbeerlib/src/main/jniLibs/mips/libtool-checker.so,12,"[[""Matthew Rollings"", ""2018-06-14T15:53:38Z""], [""Matthew Rollings"", ""2018-05-11T12:00:38Z""], [""Matthew Rollings"", ""2018-05-11T12:00:38Z""], [""Matthew Rollings"", ""2017-03-24T14:49:14Z""], [""matthew"", ""2017-03-13T22:55:31Z""], [""matthew"", ""2017-03-13T22:35:27Z""], [""Scott Alexander-Bown"", ""2015-06-30T16:35:59Z""], [""Scott Alexander-Bown"", ""2015-06-30T14:45:20Z""], [""Matthew Rollings"", ""2015-06-30T14:36:54Z""], [""Scott Alexander-Bown"", ""2015-06-30T14:14:20Z""], [""Matthew Rollings"", ""2015-06-30T14:14:02Z""], [""Matthew Rollings"", ""2015-06-30T13:03:45Z""]]"
rootbeerlib/src/main/jniLibs/mips64/libtool-checker.so,8,"[[""Matthew Rollings"", ""2018-06-14T15:53:38Z""], [""Matthew Rollings"", ""2018-05-11T12:00:38Z""], [""Matthew Rollings"", ""2018-05-11T12:00:38Z""], [""Matthew Rollings"", ""2017-03-24T14:49:14Z""], [""matthew"", ""2017-03-13T22:55:31Z""], [""matthew"", ""2017-03-13T22:35:27Z""], [""Matthew Rollings"", ""2016-03-14T17:18:04Z""], [""biddster"", ""2016-03-07T14:21:36Z""]]"
LICENSE,4,"[[""Matthew Rollings"", ""2017-05-12T21:31:11Z""], [""Frieder Bluemle"", ""2017-05-11T16:41:00Z""], [""Scott Alexander-Bown"", ""2015-06-19T09:05:57Z""], [""Scott Alexander-Bown"", ""2015-06-19T09:01:56Z""]]"
app/.gitignore,3,"[[""Matthew Rollings"", ""2017-05-12T21:31:11Z""], [""Frieder Bluemle"", ""2017-05-11T16:43:00Z""], [""Scott Alexander-Bown"", ""2015-06-19T09:05:10Z""]]"
app/app.iml,14,"[[""Matthew Rollings"", ""2017-05-12T21:31:11Z""], [""Frieder Bluemle"", ""2017-05-11T16:56:16Z""], [""Scott Alexander-Bown"", ""2017-03-24T14:16:12Z""], [""Scott Alexander-Bown"", ""2017-03-24T14:15:39Z""], [""Matthew Rollings"", ""2017-03-24T13:31:19Z""], [""matthew"", ""2017-03-13T22:35:27Z""], [""Matthew Rollings"", ""2017-02-15T12:53:36Z""], [""Andy Barber"", ""2016-07-01T14:40:45Z""], [""Scott Alexander-Bown"", ""2016-03-14T21:04:13Z""], [""Scott Alexander-Bown"", ""2015-06-30T15:51:16Z""], [""Scott Alexander-Bown"", ""2015-06-26T15:50:40Z""], [""Matthew Rollings"", ""2015-06-26T14:41:45Z""], [""Scott Alexander-Bown"", ""2015-06-19T17:20:07Z""], [""Scott Alexander-Bown"", ""2015-06-19T09:05:10Z""]]"
rootbeer.iml,7,"[[""Matthew Rollings"", ""2017-05-12T21:31:11Z""], [""Frieder Bluemle"", ""2017-05-11T16:56:16Z""], [""Scott Alexander-Bown"", ""2017-03-24T14:16:12Z""], [""Matthew Rollings"", ""2017-03-24T13:31:19Z""], [""matthew"", ""2017-03-13T22:35:27Z""], [""Matthew Rollings"", ""2017-02-15T12:53:36Z""], [""Andy Barber"", ""2016-07-01T14:40:45Z""]]"
rootbeerlib/.gitignore,6,"[[""Matthew Rollings"", ""2017-05-12T21:31:11Z""], [""Frieder Bluemle"", ""2017-05-11T16:43:00Z""], [""Scott Alexander-Bown"", ""2015-06-30T16:35:59Z""], [""Scott Alexander-Bown"", ""2015-06-30T16:26:11Z""], [""Scott Alexander-Bown"", ""2015-06-30T16:07:59Z""], [""Scott Alexander-Bown"", ""2015-06-26T15:50:40Z""]]"
rootbeerlib/rootbeerlib.iml,12,"[[""Matthew Rollings"", ""2017-05-12T21:31:11Z""], [""Frieder Bluemle"", ""2017-05-11T16:56:16Z""], [""Scott Alexander-Bown"", ""2017-03-24T14:16:12Z""], [""Scott Alexander-Bown"", ""2017-03-24T14:15:39Z""], [""Matthew Rollings"", ""2017-03-24T13:31:19Z""], [""matthew"", ""2017-03-13T22:55:31Z""], [""matthew"", ""2017-03-13T22:35:27Z""], [""Matthew Rollings"", ""2017-02-15T12:53:36Z""], [""Andy Barber"", ""2016-07-01T14:40:45Z""], [""Scott Alexander-Bown"", ""2016-03-14T21:04:13Z""], [""Scott Alexander-Bown"", ""2015-06-30T15:51:16Z""], [""Scott Alexander-Bown"", ""2015-06-26T15:50:40Z""]]"
rootbeerlib/src/main/jni/toolChecker.cpp,5,"[[""Matthew Rollings"", ""2017-05-12T21:31:11Z""], [""Frieder Bluemle"", ""2017-05-11T16:41:00Z""], [""Matthew Rollings"", ""2017-03-24T14:49:14Z""], [""matthew"", ""2017-03-13T22:55:31Z""], [""matthew"", ""2017-03-13T22:35:27Z""]]"
rootbeerlib/src/main/jni/toolChecker.h,4,"[[""Matthew Rollings"", ""2017-05-12T21:31:11Z""], [""Frieder Bluemle"", ""2017-05-11T16:41:00Z""], [""Matthew Rollings"", ""2017-03-24T14:49:14Z""], [""matthew"", ""2017-03-13T22:35:27Z""]]"
rootbeerlib/jni/build.sh,8,"[[""Matthew Rollings"", ""2017-03-24T14:49:14Z""], [""matthew"", ""2017-03-13T22:35:27Z""], [""Matthew Rollings"", ""2016-03-14T17:18:04Z""], [""biddster"", ""2016-03-07T14:21:36Z""], [""Scott Alexander-Bown"", ""2015-06-30T14:14:20Z""], [""Matthew Rollings"", ""2015-06-30T13:03:45Z""], [""Matthew Rollings"", ""2015-06-26T16:10:45Z""], [""Scott Alexander-Bown"", ""2015-06-26T15:50:40Z""]]"
rootbeerlib/libs/arm64-v8a/libtool-checker.so,3,"[[""Matthew Rollings"", ""2017-03-24T14:49:14Z""], [""matthew"", ""2017-03-13T22:35:27Z""], [""Scott Alexander-Bown"", ""2015-06-30T16:35:59Z""]]"
rootbeerlib/libs/armeabi-v7a/libtool-checker.so,3,"[[""Matthew Rollings"", ""2017-03-24T14:49:14Z""], [""matthew"", ""2017-03-13T22:35:27Z""], [""Scott Alexander-Bown"", ""2015-06-30T16:35:59Z""]]"
rootbeerlib/libs/armeabi/libtool-checker.so,6,"[[""Matthew Rollings"", ""2017-03-24T14:49:14Z""], [""matthew"", ""2017-03-13T22:35:27Z""], [""Scott Alexander-Bown"", ""2015-06-30T16:35:59Z""], [""Scott Alexander-Bown"", ""2015-06-30T14:14:20Z""], [""Matthew Rollings"", ""2015-06-30T13:03:45Z""], [""Scott Alexander-Bown"", ""2015-06-26T15:50:40Z""]]"
rootbeerlib/libs/mips/libtool-checker.so,3,"[[""Matthew Rollings"", ""2017-03-24T14:49:14Z""], [""matthew"", ""2017-03-13T22:35:27Z""], [""Scott Alexander-Bown"", ""2015-06-30T16:35:59Z""]]"
rootbeerlib/libs/mips64/libtool-checker.so,3,"[[""Matthew Rollings"", ""2017-03-24T14:49:14Z""], [""matthew"", ""2017-03-13T22:35:27Z""], [""Scott Alexander-Bown"", ""2015-06-30T16:35:59Z""]]"
rootbeerlib/libs/x86/libtool-checker.so,3,"[[""Matthew Rollings"", ""2017-03-24T14:49:14Z""], [""matthew"", ""2017-03-13T22:35:27Z""], [""Scott Alexander-Bown"", ""2015-06-30T16:35:59Z""]]"
rootbeerlib/libs/x86_64/libtool-checker.so,3,"[[""Matthew Rollings"", ""2017-03-24T14:49:14Z""], [""matthew"", ""2017-03-13T22:35:27Z""], [""Scott Alexander-Bown"", ""2015-06-30T16:35:59Z""]]"
rootbeerlib/obj/local/armeabi/libstdc++.a,3,"[[""Matthew Rollings"", ""2017-03-24T14:49:14Z""], [""matthew"", ""2017-03-13T22:35:27Z""], [""Scott Alexander-Bown"", ""2015-06-26T15:50:40Z""]]"
rootbeerlib/obj/local/armeabi/libtool-checker.so,4,"[[""Matthew Rollings"", ""2017-03-24T14:49:14Z""], [""matthew"", ""2017-03-13T22:35:27Z""], [""Scott Alexander-Bown"", ""2015-06-30T16:35:59Z""], [""Scott Alexander-Bown"", ""2015-06-26T15:50:40Z""]]"
rootbeerlib/obj/local/armeabi/objs/tool-checker/toolChecker.o,4,"[[""Matthew Rollings"", ""2017-03-24T14:49:14Z""], [""matthew"", ""2017-03-13T22:35:27Z""], [""Scott Alexander-Bown"", ""2015-06-30T16:35:59Z""], [""Scott Alexander-Bown"", ""2015-06-26T15:50:40Z""]]"
rootbeerlib/obj/local/armeabi/objs/tool-checker/toolChecker.o.d,4,"[[""Matthew Rollings"", ""2017-03-24T14:49:14Z""], [""matthew"", ""2017-03-13T22:35:27Z""], [""Scott Alexander-Bown"", ""2015-06-30T16:35:59Z""], [""Scott Alexander-Bown"", ""2015-06-26T15:50:40Z""]]"
rootbeerlib/jni/toolChecker.cpp,9,"[[""aippisch"", ""2016-09-16T14:04:45Z""], [""Scott Alexander-Bown"", ""2015-06-30T14:45:20Z""], [""Matthew Rollings"", ""2015-06-30T14:36:54Z""], [""Scott Alexander-Bown"", ""2015-06-30T14:14:20Z""], [""Matthew Rollings"", ""2015-06-30T14:14:02Z""], [""Matthew Rollings"", ""2015-06-30T13:04:08Z""], [""Scott Alexander-Bown"", ""2015-06-30T12:58:19Z""], [""Matthew Rollings"", ""2015-06-26T16:10:45Z""], [""Scott Alexander-Bown"", ""2015-06-26T15:50:40Z""]]"
art/ss_got_root_fail.png,1,"[[""Scott Alexander-Bown"", ""2016-07-01T20:21:13Z""]]"
art/ss_no_root_pass.png,2,"[[""Scott Alexander-Bown"", ""2016-07-01T20:21:13Z""], [""Scott Alexander-Bown"", ""2015-09-16T12:37:52Z""]]"
art/RootBeer-feature-graphic.png,2,"[[""Scott Alexander-Bown"", ""2016-07-01T20:13:28Z""], [""Scott Alexander-Bown"", ""2015-09-16T12:37:52Z""]]"
art/ss-got-root-fail.png,2,"[[""Scott Alexander-Bown"", ""2016-07-01T20:13:28Z""], [""Scott Alexander-Bown"", ""2015-09-16T12:37:52Z""]]"
art/ss_home_b4_test.png,1,"[[""Scott Alexander-Bown"", ""2016-07-01T20:13:28Z""]]"
art/ss_info.png,2,"[[""Scott Alexander-Bown"", ""2016-07-01T20:13:28Z""], [""Scott Alexander-Bown"", ""2015-09-16T12:37:52Z""]]"
.idea/.name,2,"[[""Andy Barber"", ""2016-07-01T14:40:45Z""], [""Scott Alexander-Bown"", ""2015-06-19T09:05:10Z""]]"
.idea/compiler.xml,2,"[[""Andy Barber"", ""2016-07-01T14:40:45Z""], [""Scott Alexander-Bown"", ""2015-06-19T09:05:10Z""]]"
.idea/copyright/profiles_settings.xml,2,"[[""Andy Barber"", ""2016-07-01T14:40:45Z""], [""Scott Alexander-Bown"", ""2015-06-19T09:05:10Z""]]"
.idea/gradle.xml,4,"[[""Andy Barber"", ""2016-07-01T14:40:45Z""], [""Scott Alexander-Bown"", ""2016-03-14T21:04:13Z""], [""Scott Alexander-Bown"", ""2015-06-26T15:50:40Z""], [""Scott Alexander-Bown"", ""2015-06-19T09:05:10Z""]]"
.idea/misc.xml,5,"[[""Andy Barber"", ""2016-07-01T14:40:45Z""], [""Scott Alexander-Bown"", ""2016-03-14T21:04:13Z""], [""Matthew Rollings"", ""2015-06-26T14:41:45Z""], [""Scott Alexander-Bown"", ""2015-06-19T17:20:07Z""], [""Scott Alexander-Bown"", ""2015-06-19T09:05:10Z""]]"
.idea/modules.xml,3,"[[""Andy Barber"", ""2016-07-01T14:40:45Z""], [""Scott Alexander-Bown"", ""2015-06-26T15:50:40Z""], [""Scott Alexander-Bown"", ""2015-06-19T09:05:10Z""]]"
.idea/runConfigurations.xml,3,"[[""Andy Barber"", ""2016-07-01T14:40:45Z""], [""Matthew Rollings"", ""2015-06-26T14:41:45Z""], [""Scott Alexander-Bown"", ""2015-06-19T17:20:07Z""]]"
.idea/vcs.xml,2,"[[""Andy Barber"", ""2016-07-01T14:40:45Z""], [""Scott Alexander-Bown"", ""2015-06-19T09:05:10Z""]]"
app/src/main/assets/SubwayNovella.ttf,1,"[[""Andy Barber"", ""2016-07-01T14:40:45Z""]]"
app/src/main/res/drawable-hdpi/ic_action_github.png,2,"[[""Andy Barber"", ""2016-07-01T14:40:45Z""], [""Scott Alexander-Bown"", ""2015-06-29T13:06:14Z""]]"
app/src/main/res/drawable-xhdpi/ic_action_github.png,2,"[[""Andy Barber"", ""2016-07-01T14:40:45Z""], [""Scott Alexander-Bown"", ""2015-06-29T13:06:14Z""]]"
app/src/main/res/drawable-xxhdpi/ic_action_github.png,2,"[[""Andy Barber"", ""2016-07-01T14:40:45Z""], [""Scott Alexander-Bown"", ""2015-06-29T13:06:14Z""]]"
RootChecker.iml,5,"[[""Scott Alexander-Bown"", ""2016-03-14T21:04:13Z""], [""Scott Alexander-Bown"", ""2015-06-30T15:51:16Z""], [""Matthew Rollings"", ""2015-06-26T14:41:45Z""], [""Scott Alexander-Bown"", ""2015-06-19T17:20:07Z""], [""Scott Alexander-Bown"", ""2015-06-19T09:05:10Z""]]"
art/rootbeer-icon-playstore.png,1,"[[""Scott Alexander-Bown"", ""2015-09-16T12:37:52Z""]]"
art/rootbeerjesus.png,1,"[[""Scott Alexander-Bown"", ""2015-06-30T15:31:31Z""]]"
rootbeerlib/jni/toolChecker.h,6,"[[""Scott Alexander-Bown"", ""2015-06-30T14:45:20Z""], [""Matthew Rollings"", ""2015-06-30T14:36:54Z""], [""Scott Alexander-Bown"", ""2015-06-30T14:14:20Z""], [""Matthew Rollings"", ""2015-06-30T14:14:02Z""], [""Matthew Rollings"", ""2015-06-26T16:10:45Z""], [""Scott Alexander-Bown"", ""2015-06-26T15:50:40Z""]]"
rootbeerlib/jni/Application.mk,2,"[[""Scott Alexander-Bown"", ""2015-06-30T14:14:20Z""], [""Matthew Rollings"", ""2015-06-30T13:03:45Z""]]"
art/root_beer_icon.svg,2,"[[""Matthew Rollings"", ""2015-06-30T13:04:08Z""], [""Scott Alexander-Bown"", ""2015-06-30T12:58:32Z""]]"
rootbeerlib/src/main/jniLibs/armeabi-v7a/libroot-checker.so,2,"[[""Matthew Rollings"", ""2015-06-26T16:00:20Z""], [""Scott Alexander-Bown"", ""2015-06-26T15:50:40Z""]]"
rootbeerlib/jni/Android.mk,1,"[[""Scott Alexander-Bown"", ""2015-06-26T15:50:40Z""]]"
app/src/main/java/com/scottyab/rootchecker/RootCheck.java,6,"[[""Matthew Rollings"", ""2015-06-26T14:41:45Z""], [""Matthew Rollings"", ""2015-06-26T14:32:45Z""], [""Scott Alexander-Bown"", ""2015-06-19T17:21:37Z""], [""Scott Alexander-Bown"", ""2015-06-19T17:20:07Z""], [""Matthew Rollings"", ""2015-06-19T10:09:22Z""], [""Scott Alexander-Bown"", ""2015-06-19T09:05:10Z""]]"
app/src/main/java/com/scottyab/rootchecker/Const.java,1,"[[""Matthew Rollings"", ""2015-06-26T14:32:45Z""]]"
app/src/main/java/com/scottyab/rootchecker/MainActivity.java,4,"[[""Matthew Rollings"", ""2015-06-26T14:32:45Z""], [""Scott Alexander-Bown"", ""2015-06-19T17:21:37Z""], [""Matthew Rollings"", ""2015-06-19T10:09:22Z""], [""Scott Alexander-Bown"", ""2015-06-19T09:05:10Z""]]"
app/jni/Android.mk,3,"[[""Scott Alexander-Bown"", ""2015-06-19T17:21:37Z""], [""Matthew Rollings"", ""2015-06-19T11:06:02Z""], [""Matthew Rollings"", ""2015-06-19T10:09:22Z""]]"
app/jni/build.sh,3,"[[""Scott Alexander-Bown"", ""2015-06-19T17:21:37Z""], [""Matthew Rollings"", ""2015-06-19T11:06:02Z""], [""Matthew Rollings"", ""2015-06-19T10:09:22Z""]]"
app/jni/toolChecker.cpp,2,"[[""Scott Alexander-Bown"", ""2015-06-19T17:21:37Z""], [""Matthew Rollings"", ""2015-06-19T11:06:02Z""]]"
app/jni/toolChecker.h,2,"[[""Scott Alexander-Bown"", ""2015-06-19T17:21:37Z""], [""Matthew Rollings"", ""2015-06-19T11:06:02Z""]]"
app/src/main/java/com/scottyab/rootchecker/RootCheckNative.java,3,"[[""Scott Alexander-Bown"", ""2015-06-19T17:21:37Z""], [""Matthew Rollings"", ""2015-06-19T11:06:02Z""], [""Matthew Rollings"", ""2015-06-19T10:09:22Z""]]"
app/src/main/jniLibs/armeabi-v7a/libroot-checker.so,2,"[[""Scott Alexander-Bown"", ""2015-06-19T17:21:37Z""], [""Matthew Rollings"", ""2015-06-19T10:09:22Z""]]"
app/src/main/jniLibs/armeabi-v7a/libtool-checker.so,2,"[[""Scott Alexander-Bown"", ""2015-06-19T17:21:37Z""], [""Matthew Rollings"", ""2015-06-19T11:06:02Z""]]"
app/jni/rootChecker.cpp,1,"[[""Matthew Rollings"", ""2015-06-19T10:09:22Z""]]"
app/jni/rootChecker.h,1,"[[""Matthew Rollings"", ""2015-06-19T10:09:22Z""]]"
app/src/androidTest/java/com/scottyab/rootchecker/ApplicationTest.java,1,"[[""Scott Alexander-Bown"", ""2015-06-19T09:05:10Z""]]"
app/src/main/java/com/scottyab/rootchecker/util/QLog.java,1,"[[""Scott Alexander-Bown"", ""2015-06-19T09:05:10Z""]]"
